SSC Exams,Banking Exams,Teaching Exams,Civil Services Exam,Railways Exams,Engineering Recruitment Exams,Defence Exams,State Govt. Exams,Police Exams,Insurance Exams,Nursing Exams,Other Govt. Exams,MBA Entrance Exam,CUET and UG Entrance,NRA CET
SSC MTS4061 Tests,Bank of India PO17 Tests,KVS Junior Secretariat Assistant322 Tests,UPSC EPFO124 Tests,RRB NTPC1554 Tests,CRPF Head Constable453 Tests,UP B.Ed JEE632 Tests,Delhi Police Constable199 Tests,LIC ADO936 Tests,Indian Army Nursing Assistant33 Tests,KVS Junior Secretariat Assistant322 Tests,NRA CET - Graduates59 Tests,CAT Exam67 Tests,CUET2364 Tests,MP Vyapam AAO89 Tests
SSC CGL4819 Tests,BOB Acquisition Officer,KVS Stenographer322 Tests,UPSC Civil Services984 Tests,RRB ALP215 Tests,Army GD Agniveer436 Tests,MP Patwari1058 Tests,UP Police Sub Inspector428 Tests,LIC AAO953 Tests,CRPF Paramedical Staff,KVS Stenographer322 Tests,NRA CET - 12th61 Tests,MAH MBA CET8 Tests,NEET417 Tests,RIICO Assistant Accounts Officer Grade 2
SSC CHSL5254 Tests,IBPS PO1491 Tests,DSSSB TGT1406 Tests,UPPCS889 Tests,RRB Group D1051 Tests,Army Tradesman Agniveer326 Tests,RSMSSB JE855 Tests,Delhi Police Head Constable261 Tests,LIC Assistant546 Tests,BRO Multi Skilled Worker,FCI Assistant Grade 3360 Tests,NRA CET - 10th,CMAT Exam16 Tests,CUET PG,UKSSSC Assistant Accountant
SSC GD Constable4456 Tests,RRB Officer Scale - I1479 Tests,CTET1973 Tests,UPPSC RO ARO164 Tests,Railway TTE,AFCAT549 Tests,Delhi Forest Guard58 Tests,MP Police Constable554 Tests,ESIC Staff Nurse56 Tests,AIIMS Nursing Officer318 Tests,Supreme Court Junior Court Assistant19 Tests,null,null,JEE Main410 Tests,RSMSSB TRA
SSC CPO3432 Tests,RRB Office Assistant1579 Tests,UP B.Ed JEE632 Tests,BPSC Exam734 Tests,RPF Constable,BSF Constable478 Tests,MAHA TAIT14 Tests,Bihar Police SI276 Tests,ESIC MTS473 Tests,MP GNTST PNST9 Tests,IB ACIO134 Tests,null,null,BITSAT,RVPN Junior Accountant
SSC Selection Post105 Tests,SBI PO1442 Tests,UGC NET4269 Tests,UPSC CAPF AC199 Tests,RPF SI5 Tests,CISF Head Constable340 Tests,MPPGCL Junior Engineer157 Tests,UP Police Constable634 Tests,NIACL AO788 Tests,MP Staff Nurse,ICMR Assistant11 Tests,null,null,TS EAMCET,UPPCL Assistant Accountant98 Tests
SSC Head Constable AWO TPO124 Tests,MP Cooperative Bank Committee Manager25 Tests,DSSSB PRT1482 Tests,MPPSC State Service515 Tests,RRB JE22 Tests,AOC Tradesman Mate97 Tests,MPTET Varg 1852 Tests,MP Police SI474 Tests,LIC HFL Assistant Manager210 Tests,NHM MP CHO362 Tests,NBE81 Tests,null,null,JIPMER,RPSC Junior Accountant
IB Security Assistant304 Tests,IBPS Clerk1518 Tests,KVS PRT319 Tests,MPSC State Service1068 Tests,RRB SSE,BSF Head Constable162 Tests,UPPCS889 Tests,Delhi Police MTS3019 Tests,ESIC Stenographer64 Tests,ESIC Staff Nurse56 Tests,Supreme Court Law Clerk19 Tests,null,null,null,UPPCL Accounts Clerk
SSC JE CE3964 Tests,SBI Clerk1288 Tests,KVS Librarian161 Tests,WBCS409 Tests,RRB Junior Stenographer22 Tests,Indian Army Nursing Assistant33 Tests,Rajasthan 3rd Grade Teacher346 Tests,UP Police Assistant Operator423 Tests,ESIC SSO268 Tests,NVS Staff Nurse354 Tests,KVS Senior Secretariat Assistant,null,null,null,JKSSB Accounts Assistant7 Tests
SSC JE EE3559 Tests,RBI Assistant787 Tests,KVS TGT1627 Tests,Haryana Civil Services188 Tests,RRB Junior Translator11 Tests,Airforce Group X1233 Tests,HSSC TGT334 Tests,UP Police Head Operator423 Tests,LIC HFL Assistant210 Tests,RRB Staff Nurse254 Tests,KVS Assistant Section Officer322 Tests,null,null,null,null
SSC JE ME3323 Tests,SBI CBO,SUPER TET1292 Tests,RPSC RAS437 Tests,RPSF1 Tests,Army Clerk Agniveer379 Tests,MP Forest Guard249 Tests,Delhi Police Driver106 Tests,AIC Management Trainee,OSSSC Nursing Officer262 Tests,CBSE Junior Assistant999 Tests,null,null,null,null
SSC Stenographer2578 Tests,MP Cooperative Bank Clerk25 Tests,UPTET1805 Tests,MPPSC Forest Service113 Tests,RRB Ministerial and Isolated Categories,Airforce Group Y443 Tests,Rajasthan Computer Teacher147 Tests,UP Police Workshop Staff423 Tests,ESIC UDC438 Tests,UP NHM CHO195 Tests,DRDO Admin and Allied121 Tests,null,null,null,null
SSC JHT393 Tests,JAIIB Exam,KVS PGT2096 Tests,APPSC Group 1502 Tests,RRB JE CE,NDA Group C18 Tests,MPTET Varg 2638 Tests,Odisha Police Constable312 Tests,PFRDA Assistant Manager,UBTER Staff Nurse,BRO Multi Skilled Worker,null,null,null,null
SSC Havaldar,CAIIB Exam,MAHA TAIT14 Tests,OPSC OAS635 Tests,RRB JE EC158 Tests,CDS1275 Tests,UPPSC Lecturer,Bihar Police Prohibition Constable74 Tests,ESIC,UPUMS Staff Nurse,CWC Junior Superintendent26 Tests,null,null,null,null
Supreme Court Junior Court Assistant19 Tests,SIDBI Assistant Manager44 Tests,UP TGT1550 Tests,UKPSC Combined Upper Subordinate Service252 Tests,RRB JE EE,Indian Army Agniveer518 Tests,Rajasthan PTET343 Tests,Maharashtra Police Constable382 Tests,LIC HFL93 Tests,UPSSSC ANM286 Tests,NVS Electrician86 Tests,null,null,null,null
SSC Scientific Assistant309 Tests,IDBI Executive85 Tests,MP SET63 Tests,UPSC APFC101 Tests,RRB JE ME,Army Technical Agniveer449 Tests,Allahabad University Group C Non-Teaching16 Tests,Odisha Police SI390 Tests,NIACL Assistant727 Tests,UPSSSC Mukhya Sevika25 Tests,MP Vyapam Horticulture Development Officer,null,null,null,null
RSMSSB JE855 Tests,AXIS Bank CSO,Bihar CET B.Ed234 Tests,BPSC CDPO63 Tests,DFCCIL Operations BD450 Tests,NDA1188 Tests,WB TET98 Tests,Bihar Police Constable61 Tests,GIC Assistant Manager,UP NHM ANM16 Tests,NVS MTS77 Tests,null,null,null,null
IB ACIO134 Tests,ECGC PO31 Tests,CSIR NET161 Tests,UKPSC Lower PCS,RRB ASM185 Tests,BRO Vehicle Mechanic,Assam TET,Rajasthan Police Constable211 Tests,NICL AO,RML Hospital Sister Grade II,NVS Stenographer,null,null,null,null
Delhi Forest Guard58 Tests,OSCB Assistant Manager,PSTET,TSPSC Group 1474 Tests,RRB JE IT,BRO Operator Communication,SSA Chandigarh JBT,Rajasthan Police SI127 Tests,null,JIPMER Nursing Officer198 Tests,ICAR Assistant154 Tests,null,null,null,null
ICMR Assistant11 Tests,OSCB Junior Manager,KVS3301 Tests,TNPSC Group 1479 Tests,RRB Staff Nurse254 Tests,BSF RO399 Tests,HP TET16 Tests,UP Police ASI503 Tests,null,SHSB ANM,AMD Security Guard,null,null,null,null
NBE81 Tests,IDBI Assistant Manager93 Tests,MPTET Varg 31299 Tests,JPSC Civil Services169 Tests,Gujarat Metro SCTO46 Tests,CRPF ASI237 Tests,DSE Odisha TGT,Kolkata Police Constable740 Tests,null,SGPGI Nursing Officer198 Tests,FCI Stenographer228 Tests,null,null,null,null
SSC JE839 Tests,Bank of Baroda PO,MPTET Varg 1852 Tests,KPSC KAS74 Tests,DFCCIL Executive2227 Tests,DRDO Technician A725 Tests,CG TET146 Tests,Odisha Police Jail Warder267 Tests,null,UP NRHM,FCI Manager104 Tests,null,null,null,null
Supreme Court Law Clerk19 Tests,TJSB Bank Trainee Officer,NTA Delhi University NonTeaching64 Tests,CGPSC70 Tests,UPMRC Station Controller294 Tests,CISF Constable429 Tests,OTET43 Tests,AP Police Constable631 Tests,null,DSSSB Nursing Staff56 Tests,IFFCO AGT,null,null,null,null
Delhi Police Constable199 Tests,APCOB Manager,NVS TGT862 Tests,Punjab Civil Service12 Tests,DFCCIL Junior Executive1256 Tests,Indian Coast Guard Yantrik236 Tests,MAHA TET,Punjab Police Constable131 Tests,null,PGIMER Staff Nurse,UPSC APFC101 Tests,null,null,null,null
NTA Delhi University NonTeaching64 Tests,Indian Bank Assistant Manager,HTET1658 Tests,HPPSC HPAS133 Tests,DFCCIL Junior Manager1166 Tests,Indian Coast Guard Navik GD1094 Tests,UP Junior High School Teacher156 Tests,WB Police Constable183 Tests,null,UP NHM Staff Nurse41 Tests,FCI360 Tests,null,null,null,null
Delhi Police Head Constable261 Tests,Nainital Bank PO11 Tests,REET1715 Tests,Gujarat Administrative Service,DMRC CRA28 Tests,CISF Tradesman135 Tests,BPSC Head Teacher,Bihar Police ASI Steno166 Tests,null,TSPSC Staff Nurse198 Tests,FSSAI Assistant219 Tests,null,null,null,null
Delhi Police MTS3019 Tests,EXIM Bank Management Trainee,Rajasthan 3rd Grade Teacher346 Tests,JKPSC KAS,DFCCIL Recruitment1639 Tests,AOC Material Assistant31 Tests,UTET57 Tests,Telangana Police Constable295 Tests,null,NHM Rajasthan CHO362 Tests,FSSAI Technical Officer176 Tests,null,null,null,null
Delhi Police Driver106 Tests,Canara Bank PO,HSSC TGT334 Tests,Manipur PSC,null,Indian Coast Guard Navik DB414 Tests,MAH B.Ed. CET,AP Police SI631 Tests,null,NHM Kerala Staff Nurse,OMC Electrician,null,null,null,null
null,NHB Assistant Manager,UP PGT,Kerala PSC KAS,null,ITBP Constable Tradesman,TN TET,UK Police Constable,null,NHM Rajasthan Nursing Officer,ISRO Assistant191 Tests,null,null,null,null
null,South Indian Bank PO,Rajasthan Computer Teacher147 Tests,null,null,DRDO MTS107 Tests,TN TRB CE331 Tests,UP Police Jail Warder21 Tests,null,Maharashtra NHM Staff Nurse,ISRO Junior Personal Assistant191 Tests,null,null,null,null
null,Syndicate Bank PO,AWES Army Public School1113 Tests,null,null,SSB Head Constable288 Tests,Rajasthan Teacher,Telangana Police SI187 Tests,null,UPPSC Staff Nurse295 Tests,FCI Watchman23 Tests,null,null,null,null
null,PSCB,NVS Lab Attendant82 Tests,null,null,Indian Airforce Agniveer1233 Tests,Gujarat TET Exam,Uttarakhand Police SI,null,WBHRB Staff Nurse,FSSAI,null,null,null,null
null,Karnataka Bank PO,MPTET Varg 2638 Tests,null,null,CRPF SI40 Tests,TN TRB ME158 Tests,UKSSSC Fireman,null,NHM WB CHO164 Tests,ISRO Scientific Assistant38 Tests,null,null,null,null
null,Nainital Bank,Bihar STET1006 Tests,null,null,CISF ASI12 Tests,TN TRB EE12 Tests,UKSSSC Chief Constable,null,NHM Rajasthan Staff Nurse,JNU Junior Assistant,null,null,null,null
null,J&K Bank PO16 Tests,NVS Mess Helper87 Tests,null,null,Assam Rifles224 Tests,TN TRB CS11 Tests,Uttarakhand Police Head Constable,null,GMCH Staff Nurse,NIELIT CCC Exam66 Tests,null,null,null,null
null,EPFO Assistant2 Tests,UPPSC Lecturer,null,null,SSB Service Selection Board70 Tests,MP B.Ed.79 Tests,OSSC Excise SI,null,HPSSSB Staff Nurse,JNU MTS,null,null,null,null
null,Indian Bank Security Guard,DSSSB PGT,null,null,ITBP Head Constable,UP Police Sub Inspector428 Tests,Odisha Police ASI,null,DSSSB ANM198 Tests,India post Postman33 Tests,null,null,null,null
null,OSCB Banking Assistant,Rajasthan PTET343 Tests,null,null,CRPF Paramedical Staff,TN TRB EC11 Tests,Rajasthan Home Guard,null,KPSC Staff Nurse,CSIR Junior Secretariat Assistant48 Tests,null,null,null,null
null,PSCB Clerk Cum DEO52 Tests,Allahabad University Group C Non-Teaching16 Tests,null,null,Indian Coast Guard Assistant Commandant277 Tests,UKPSC Lecturer,WB Police SI177 Tests,null,NHM UP Lab Technician,NPCIL Scientific Assistant121 Tests,null,null,null,null
null,APCOB staff assistant,NVS PGT,null,null,Indian Army BSc Nursing233 Tests,CG B.Ed.79 Tests,Punjab Police SI156 Tests,null,NHM Tripura CHO164 Tests,JNU Stenographer,null,null,null,null
null,Akola DCC Bank Junior Clerk,KVS Senior Secretariat Assistant,null,null,BSF SI51 Tests,Haryana B.Ed.155 Tests,UP Police,null,NHM Haryana CHO164 Tests,CSB UDC165 Tests,null,null,null,null
null,HPSCB Junior Clerk,WB TET98 Tests,null,null,ACC Exam235 Tests,OSCB Junior Manager,Bihar Police Fireman57 Tests,null,NHM Punjab CHO164 Tests,BIS Senior Secretariat Assistant48 Tests,null,null,null,null
null,Bank Note Press Dewas,TS TET38 Tests,null,null,Territorial Army346 Tests,MP Police Constable554 Tests,WBPSC Food SI,null,OSSC Staff Nurse262 Tests,NPCIL Plant Operator22 Tests,null,null,null,null
null,Nainital Bank Clerk12 Tests,Assam TET,null,null,Indian Navy Agniveer756 Tests,OSSSC Panchayat Executive Officer321 Tests,Rajasthan Police,null,BHU Staff Nurse,CWC1 Tests,null,null,null,null
null,SBI Apprentice18 Tests,SSA Chandigarh JBT,null,null,Army Havildar SAC311 Tests,MP Vyapam Sub Engineer837 Tests,Kolkata Police SI177 Tests,null,HSSC Staff Nurse,India Post MTS,null,null,null,null
null,EPFO SSA2 Tests,KVS Assistant Section Officer322 Tests,null,null,Indian Army Group C,UPPSC RO ARO164 Tests,Haryana Police65 Tests,null,UPRVUNL Staff Nurse56 Tests,BARC NRB,null,null,null,null
null,South Indian Bank Clerk,NVS Catering Assistant100 Tests,null,null,INET535 Tests,MP Police SI474 Tests,TNUSRB SI231 Tests,null,Bihar NHM CHO164 Tests,India Post Mail Guard33 Tests,null,null,null,null
null,J&K Bank Clerk11 Tests,HP TET16 Tests,null,null,BRO Multi Skilled Worker,Rajasthan High Court Clerk323 Tests,KSP Constable112 Tests,null,NCL Staff Nurse,NIELIT Scientist B,null,null,null,null
null,HARCO Bank Clerk6 Tests,UP LT Grade Teacher,null,null,BSF Water Wing,OSCB Banking Assistant,Bihar Police Forest Guard27 Tests,null,NHM Chhattisgarh CHO164 Tests,ASRB AO6 Tests,null,null,null,null
null,RBI Grade B691 Tests,AEES PRT49 Tests,null,null,Navy MR Agniveer428 Tests,PSCB Clerk Cum DEO52 Tests,KSP SI254 Tests,null,MHSRB Staff Nurse,NWDA LDC UDC6 Tests,null,null,null,null
null,RBI JE,EMRS TGT707 Tests,null,null,DRDO RAC,MP Excise Constable358 Tests,HSSC SI48 Tests,null,JSSC Grade A Nurse,India Post33 Tests,null,null,null,null
null,RBI Office Attendant13 Tests,DSE Odisha TGT,null,null,Indian Air Force Group C273 Tests,Akola DCC Bank Junior Clerk,JSSC SI6 Tests,null,JRHMS CHO164 Tests,CSIR Technical Assistant,null,null,null,null
null,IBPS SO579 Tests,CG TET146 Tests,null,null,Indian Navy Tradesman,Patna High Court Assistant117 Tests,MPSC PSI235 Tests,null,NHM Karnataka CHO164 Tests,NPCIL Steno Grade 1,null,null,null,null
null,RBI Security Guard1 Tests,OTET43 Tests,null,null,Indian Army CEE,OPSC ASO304 Tests,HSSC Haryana Police Constable165 Tests,null,NHM Assam CHO164 Tests,Puducherry UDC,null,null,null,null
null,Indian Bank SO,MAHA TET,null,null,IMA Dehradun Group C,UPPSC AE987 Tests,Punjab Police Head Constable,null,NHM HP CHO164 Tests,NPCIL Assistant Grade 1,null,null,null,null
null,RSCB42 Tests,UP Junior High School Teacher156 Tests,null,null,SSB SI,BSSC CGL325 Tests,Haryana Police Commando,null,SSC Exams26 Exams,BIS Technical Assistant48 Tests,null,null,null,null
null,SBI SO412 Tests,EMRS PGT97 Tests,null,null,BSF Tradesman31 Tests,OSSSC Junior Assistant115 Tests,CG Police SI30 Tests,null,null,BIS Senior Technician48 Tests,null,null,null,null
null,SEBI Grade A706 Tests,BPSC Head Teacher,null,null,Navy AA1024 Tests,OSSSC Group C347 Tests,Assam Police Constable,null,null,BIS Stenographer48 Tests,null,null,null,null
null,Agricultural Field Officer - Scale I139 Tests,JTET Exam,null,null,IMU CET,UP Police Assistant Operator423 Tests,TNUSRB Police Constable315 Tests,null,null,null,null,null,null,null
null,IT Officer - Scale I210 Tests,UTET57 Tests,null,null,DGAFMS Group C,UPPSC Polytechnic Lecturer491 Tests,Assam Police SI,null,null,null,null,null,null,null
null,NABARD Grade A121 Tests,AP TET33 Tests,null,null,AFCAT EKT156 Tests,AIIMS Nursing Officer318 Tests,JKSSB Sub Inspector,null,null,null,null,null,null,null
null,Marketing Officer - Scale I157 Tests,MAH B.Ed. CET,null,null,ASC Centre Group C,MP Jail Prahari444 Tests,CG Vyapam SI30 Tests,null,null,null,null,null,null,null
null,Law Officer - Scale I139 Tests,Bihar TET,null,null,Navy Tradesman Mate227 Tests,MP Vyapam Group 2154 Tests,TELANGANA POLICE,null,null,null,null,null,null,null
null,Rajbhasha Adhikari - Scale I139 Tests,TN TET,null,null,Indian Coast Guard,MP Vyapam Group 4341 Tests,Punjab Police Jail Warder,null,null,null,null,null,null,null
null,HR Personnel Officer - Scale I139 Tests,TN TRB CE331 Tests,null,null,BSF,MP GNTST PNST9 Tests,JK Police Constable,null,null,null,null,null,null,null
null,Bank of Maharashtra SO139 Tests,Karnataka TET,null,null,DRDO STA1506 Tests,Bihar D.El.Ed38 Tests,Assam Police Jail Warder,null,null,null,null,null,null,null
null,NABARD Development Assistant68 Tests,OSSTET Exam123 Tests,null,null,DRDO Administrative Assistant121 Tests,UP Police Head Operator423 Tests,HP Police Constable,null,null,null,null,null,null,null
null,NABARD Grade B215 Tests,Rajasthan Teacher,null,null,DRDO Stenographer121 Tests,UPAVP JE,WB Police,null,null,null,null,null,null,null
null,BSCB Assistant Multipurpose9 Tests,Gujarat TET Exam,null,null,DRDO Fireman121 Tests,UPAVP AE,Assam Police Forester Grade I,null,null,null,null,null,null,null
null,null,Punjab Pre-Primary Teacher80 Tests,null,null,DRDO Store Assistant121 Tests,UPPSC BEO1 Tests,WB Police Sergeant,null,null,null,null,null,null,null
null,null,TN TRB PG Assistant,null,null,DRDO JTO121 Tests,UP Police Workshop Staff423 Tests,SLPRB Assam Excise Constable,null,null,null,null,null,null,null
null,null,Tripura TET12 Tests,null,null,DRDO Vehicle Operator121 Tests,MP Vyapam Middle School Teacher,Goa Police Constable,null,null,null,null,null,null,null
null,null,DU B.Ed.234 Tests,null,null,ISRO Scientific Assistant38 Tests,MP Staff Nurse,null,null,null,null,null,null,null,null
null,null,TN TRB ME158 Tests,null,null,null,MP ITI Training Officer61 Tests,null,null,null,null,null,null,null,null
null,null,TN TRB EE12 Tests,null,null,null,UPPCL JE1108 Tests,null,null,null,null,null,null,null,null
null,null,TN TRB CS11 Tests,null,null,null,TSPSC Group 4266 Tests,null,null,null,null,null,null,null,null
null,null,MP B.Ed.79 Tests,null,null,null,NHM MP CHO362 Tests,null,null,null,null,null,null,null,null
null,null,KTET,null,null,null,Odisha High Court ASO,null,null,null,null,null,null,null,null
null,null,TN TRB EC11 Tests,null,null,null,UPSSSC Combined Technical Service,null,null,null,null,null,null,null,null
null,null,UKPSC Lecturer,null,null,null,MP Vidhan Sabha Assistant Grade 334 Tests,null,null,null,null,null,null,null,null
null,null,CG B.Ed.79 Tests,null,null,null,MP Vyapam AAO89 Tests,null,null,null,null,null,null,null,null
null,null,NVS Group C,null,null,null,OSSC Combined Graduate Level692 Tests,null,null,null,null,null,null,null,null
null,null,NVS Group B,null,null,null,MP High Court Assistant Grade 344 Tests,null,null,null,null,null,null,null,null
null,null,Haryana B.Ed.155 Tests,null,null,null,MP Vyapam Assistant Grade 395 Tests,null,null,null,null,null,null,null,null
null,null,TN TRB,null,null,null,MP Vyapam Group 5,null,null,null,null,null,null,null,null
null,null,Allahabad University Group B Non-Teaching16 Tests,null,null,null,MP CPCT43 Tests,null,null,null,null,null,null,null,null
null,null,Allahabad University Group A Non-Teaching16 Tests,null,null,null,MPSC State Service1068 Tests,null,null,null,null,null,null,null,null
null,null,Navodaya Vidyalaya Samiti,null,null,null,Rajasthan Informatics Assistant296 Tests,null,null,null,null,null,null,null,null
null,null,Bihar D.El.Ed38 Tests,null,null,null,Haryana Civil Services188 Tests,null,null,null,null,null,null,null,null
null,null,MP Vyapam Middle School Teacher,null,null,null,UPSSSC VDO302 Tests,null,null,null,null,null,null,null,null
null,null,NVS Junior Secretariat Assistant130 Tests,null,null,null,TSPSC Group 2312 Tests,null,null,null,null,null,null,null,null
null,null,Rajasthan SET,null,null,null,RPSC RAS437 Tests,null,null,null,null,null,null,null,null
null,null,NVS MTS77 Tests,null,null,null,MP Vyapam Horticulture Development Officer,null,null,null,null,null,null,null,null
null,null,SSA Chandigarh TGT,null,null,null,Rajasthan SET,null,null,null,null,null,null,null,null
null,null,NVS Staff Nurse354 Tests,null,null,null,APPSC Group 4676 Tests,null,null,null,null,null,null,null,null
null,null,NVS Stenographer,null,null,null,MP High Court Stenographer44 Tests,null,null,null,null,null,null,null,null
null,null,JSSC TGT,null,null,null,OSSC Combined Technical Service170 Tests,null,null,null,null,null,null,null,null
null,null,MH SET31 Tests,null,null,null,MP High Court Law Clerk,null,null,null,null,null,null,null,null
null,null,OSSC TGT164 Tests,null,null,null,Odisha Police Constable312 Tests,null,null,null,null,null,null,null,null
null,null,Haryana PGT,null,null,null,SSA Chandigarh TGT,null,null,null,null,null,null,null,null
null,null,WB SET Exam68 Tests,null,null,null,DDA JE142 Tests,null,null,null,null,null,null,null,null
null,null,TS SET,null,null,null,MP Vyapam Group 3,null,null,null,null,null,null,null,null
null,null,APSET29 Tests,null,null,null,Bihar Police Prohibition Constable74 Tests,null,null,null,null,null,null,null,null
null,null,Kerala SET9 Tests,null,null,null,Patna Civil Court Clerk128 Tests,null,null,null,null,null,null,null,null
null,null,KSET69 Tests,null,null,null,JSSC TGT,null,null,null,null,null,null,null,null
null,null,GSET95 Tests,null,null,null,APPSC Group 2342 Tests,null,null,null,null,null,null,null,null
null,null,RPSC Senior Teacher Grade II80 Tests,null,null,null,MPPSC Forest Service113 Tests,null,null,null,null,null,null,null,null
null,null,OAVS,null,null,null,UPSSSC Junior Engineer1545 Tests,null,null,null,null,null,null,null,null
null,null,RSMSSB Librarian,null,null,null,Maharashtra Police Constable382 Tests,null,null,null,null,null,null,null,null
null,null,RSMSSB Lab Assistant67 Tests,null,null,null,APPSC Group 1502 Tests,null,null,null,null,null,null,null,null
null,null,RSMSSB PTI6 Tests,null,null,null,Rajasthan Patwari452 Tests,null,null,null,null,null,null,null,null
null,null,DSSSB Librarian54 Tests,null,null,null,APPSC AE53 Tests,null,null,null,null,null,null,null,null
null,null,Rajasthan Pre D.EL.ED.7 Tests,null,null,null,SJVN Junior Field Engineer264 Tests,null,null,null,null,null,null,null,null
null,null,IGNOU B.Ed.234 Tests,null,null,null,Punjab And Haryana High Court Clerk107 Tests,null,null,null,null,null,null,null,null
null,null,DSSSB Physical Education Teacher38 Tests,null,null,null,OSSC TGT164 Tests,null,null,null,null,null,null,null,null
null,null,DSSSB Special Educator120 Tests,null,null,null,Rajasthan CET Senior Secondary266 Tests,null,null,null,null,null,null,null,null
null,null,JSSC PGT,null,null,null,Odisha Police SI390 Tests,null,null,null,null,null,null,null,null
null,null,JSSC Lab Assistant,null,null,null,Maharashtra Talathi351 Tests,null,null,null,null,null,null,null,null
null,null,DSSSB Teacher,null,null,null,Chandigarh JE,null,null,null,null,null,null,null,null
null,null,JKPSC PTI,null,null,null,Haryana PGT,null,null,null,null,null,null,null,null
null,null,null,null,null,null,TSNPDCL Assistant Engineer,null,null,null,null,null,null,null,null
null,null,null,null,null,null,OPSC OAS635 Tests,null,null,null,null,null,null,null,null
null,null,null,null,null,null,UPSSSC PET1196 Tests,null,null,null,null,null,null,null,null
null,null,null,null,null,null,Patna Civil Court Stenographer88 Tests,null,null,null,null,null,null,null,null
null,null,null,null,null,null,TSSPDCL Sub Engineer,null,null,null,null,null,null,null,null
null,null,null,null,null,null,UPSSSC Forest Inspector108 Tests,null,null,null,null,null,null,null,null
null,null,null,null,null,null,OPTCL JMOT,null,null,null,null,null,null,null,null
null,null,null,null,null,null,Bihar Police Constable61 Tests,null,null,null,null,null,null,null,null
null,null,null,null,null,null,BPSC Assistant76 Tests,null,null,null,null,null,null,null,null
null,null,null,null,null,null,UP Lekhpal430 Tests,null,null,null,null,null,null,null,null
null,null,null,null,null,null,Rajasthan Police Constable211 Tests,null,null,null,null,null,null,null,null
null,null,null,null,null,null,RVUNL JEN471 Tests,null,null,null,null,null,null,null,null
null,null,null,null,null,null,UKPSC Junior Assistant63 Tests,null,null,null,null,null,null,null,null
null,null,null,null,null,null,UKPSC Combined Upper Subordinate Service252 Tests,null,null,null,null,null,null,null,null
null,null,null,null,null,null,OSSSC Nursing Officer262 Tests,null,null,null,null,null,null,null,null
null,null,null,null,null,null,Rajasthan Police SI127 Tests,null,null,null,null,null,null,null,null
null,null,null,null,null,null,Rajasthan CET Graduates337 Tests,null,null,null,null,null,null,null,null
null,null,null,null,null,null,RIICO Junior Assistant,null,null,null,null,null,null,null,null
null,null,null,null,null,null,RIICO Assistant Site Engineer,null,null,null,null,null,null,null,null
null,null,null,null,null,null,RIICO Stenographer,null,null,null,null,null,null,null,null
null,null,null,null,null,null,Odisha RI,null,null,null,null,null,null,null,null
null,null,null,null,null,null,UP Police ASI503 Tests,null,null,null,null,null,null,null,null
null,null,null,null,null,null,UP NHM CHO195 Tests,null,null,null,null,null,null,null,null
null,null,null,null,null,null,TS SET,null,null,null,null,null,null,null,null
null,null,null,null,null,null,RSMSSB LDC8 Tests,null,null,null,null,null,null,null,null
null,null,null,null,null,null,Patna Civil Court Peon39 Tests,null,null,null,null,null,null,null,null
null,null,null,null,null,null,RPSC Executive Officer50 Tests,null,null,null,null,null,null,null,null
null,null,null,null,null,null,Kolkata Police Constable740 Tests,null,null,null,null,null,null,null,null
null,null,null,null,null,null,UBTER Staff Nurse,null,null,null,null,null,null,null,null
null,null,null,null,null,null,Odisha Police Jail Warder267 Tests,null,null,null,null,null,null,null,null
null,null,null,null,null,null,BPSC CDPO63 Tests,null,null,null,null,null,null,null,null
null,null,null,null,null,null,RVUNL Junior Assistant57 Tests,null,null,null,null,null,null,null,null
null,null,null,null,null,null,UKPSC JE222 Tests,null,null,null,null,null,null,null,null
null,null,null,null,null,null,UPUMS Staff Nurse,null,null,null,null,null,null,null,null
null,null,null,null,null,null,UPSSSC ANM286 Tests,null,null,null,null,null,null,null,null
null,null,null,null,null,null,UKPSC AE102 Tests,null,null,null,null,null,null,null,null
null,null,null,null,null,null,OSSC Junior Executive Assistant337 Tests,null,null,null,null,null,null,null,null
null,null,null,null,null,null,BSSC Inter Level82 Tests,null,null,null,null,null,null,null,null
null,null,null,null,null,null,APPSC Panchayat Secretary236 Tests,null,null,null,null,null,null,null,null
null,null,null,null,null,null,UKPSC RO ARO2 Tests,null,null,null,null,null,null,null,null
null,null,null,null,null,null,Punjab Police Constable131 Tests,null,null,null,null,null,null,null,null
null,null,null,null,null,null,UKSSSC Forest Guard117 Tests,null,null,null,null,null,null,null,null
null,null,null,null,null,null,Rajasthan Gram Vikas Adhikari205 Tests,null,null,null,null,null,null,null,null
null,null,null,null,null,null,Uttarakhand Patwari93 Tests,null,null,null,null,null,null,null,null
null,null,null,null,null,null,TSPSC Group 3527 Tests,null,null,null,null,null,null,null,null
null,null,null,null,null,null,MPSC Group B698 Tests,null,null,null,null,null,null,null,null
null,null,null,null,null,null,AP High Court Junior Assistant248 Tests,null,null,null,null,null,null,null,null
null,null,null,null,null,null,UPSSSC Mukhya Sevika25 Tests,null,null,null,null,null,null,null,null
null,null,null,null,null,null,UP NHM ANM16 Tests,null,null,null,null,null,null,null,null
null,null,null,null,null,null,RPSC Senior Teacher Grade II80 Tests,null,null,null,null,null,null,null,null
null,null,null,null,null,null,AP High Court Office Subordinate222 Tests,null,null,null,null,null,null,null,null
null,null,null,null,null,null,UPCL AE389 Tests,null,null,null,null,null,null,null,null
null,null,null,null,null,null,Allahabad High Court RO134 Tests,null,null,null,null,null,null,null,null
null,null,null,null,null,null,UPSSSC Junior Assistant74 Tests,null,null,null,null,null,null,null,null
null,null,null,null,null,null,OAVS,null,null,null,null,null,null,null,null
null,null,null,null,null,null,RSMSSB Librarian,null,null,null,null,null,null,null,null
null,null,null,null,null,null,UKPSC Lower PCS,null,null,null,null,null,null,null,null
null,null,null,null,null,null,OSSC Junior Assistant,null,null,null,null,null,null,null,null
null,null,null,null,null,null,SHSB ANM,null,null,null,null,null,null,null,null
null,null,null,null,null,null,UJVNL AE328 Tests,null,null,null,null,null,null,null,null
null,null,null,null,null,null,TSPSC Group 1474 Tests,null,null,null,null,null,null,null,null
null,null,null,null,null,null,UKSSSC Assistant Accountant,null,null,null,null,null,null,null,null
null,null,null,null,null,null,HPSC ADO,null,null,null,null,null,null,null,null
null,null,null,null,null,null,UPSSSC Forest Guard201 Tests,null,null,null,null,null,null,null,null
null,null,null,null,null,null,OSSC Odisha Junior Stenographer5 Tests,null,null,null,null,null,null,null,null
null,null,null,null,null,null,OPSC OMAS212 Tests,null,null,null,null,null,null,null,null
null,null,null,null,null,null,AP High Court Process Server138 Tests,null,null,null,null,null,null,null,null
null,null,null,null,null,null,AP High court Stenographer164 Tests,null,null,null,null,null,null,null,null
null,null,null,null,null,null,UPSSSC Lower PCS8 Tests,null,null,null,null,null,null,null,null
null,null,null,null,null,null,AP High Court Field Assistant164 Tests,null,null,null,null,null,null,null,null
null,null,null,null,null,null,RSMSSB Agriculture Supervisor53 Tests,null,null,null,null,null,null,null,null
null,null,null,null,null,null,APPSC VRO234 Tests,null,null,null,null,null,null,null,null
null,null,null,null,null,null,APPSC SI,null,null,null,null,null,null,null,null
null,null,null,null,null,null,UPSSSC Stenographer74 Tests,null,null,null,null,null,null,null,null
null,null,null,null,null,null,AP High Court Assistant Examiner123 Tests,null,null,null,null,null,null,null,null
null,null,null,null,null,null,Telangana Police Constable295 Tests,null,null,null,null,null,null,null,null
null,null,null,null,null,null,Punjab Patwari65 Tests,null,null,null,null,null,null,null,null
null,null,null,null,null,null,AP Police SI631 Tests,null,null,null,null,null,null,null,null
null,null,null,null,null,null,UK Police Constable,null,null,null,null,null,null,null,null
null,null,null,null,null,null,UKSSSC Forester1 Tests,null,null,null,null,null,null,null,null
null,null,null,null,null,null,APPSC Divisional Accounts Officer,null,null,null,null,null,null,null,null
null,null,null,null,null,null,RSCB42 Tests,null,null,null,null,null,null,null,null
null,null,null,null,null,null,UKSSSC Graduate Level21 Tests,null,null,null,null,null,null,null,null
null,null,null,null,null,null,Haryana CET Group D151 Tests,null,null,null,null,null,null,null,null
null,null,null,null,null,null,BSFC Lower Division Clerk,null,null,null,null,null,null,null,null
null,null,null,null,null,null,HPSC,null,null,null,null,null,null,null,null
null,null,null,null,null,null,UKSSSC Stenographer Personal Assistant5 Tests,null,null,null,null,null,null,null,null
null,null,null,null,null,null,UKPSC Forest Range Officer93 Tests,null,null,null,null,null,null,null,null
null,null,null,null,null,null,OSSC BSSO328 Tests,null,null,null,null,null,null,null,null
null,null,null,null,null,null,RSMSSB Lab Assistant67 Tests,null,null,null,null,null,null,null,null
null,null,null,null,null,null,DSSSB JE840 Tests,null,null,null,null,null,null,null,null
null,null,null,null,null,null,MPPSC AE213 Tests,null,null,null,null,null,null,null,null
null,null,null,null,null,null,Telangana Police SI187 Tests,null,null,null,null,null,null,null,null
null,null,null,null,null,null,Uttarakhand Police SI,null,null,null,null,null,null,null,null
null,null,null,null,null,null,UKSSSC Fireman,null,null,null,null,null,null,null,null
null,null,null,null,null,null,AP High Court Typist Copyist371 Tests,null,null,null,null,null,null,null,null
null,null,null,null,null,null,UKSSSC Chief Constable,null,null,null,null,null,null,null,null
null,null,null,null,null,null,MPSC Group C488 Tests,null,null,null,null,null,null,null,null
null,null,null,null,null,null,OMC Electrician,null,null,null,null,null,null,null,null
null,null,null,null,null,null,UKSSSC Lab Assistant,null,null,null,null,null,null,null,null
null,null,null,null,null,null,APPSC Group 3318 Tests,null,null,null,null,null,null,null,null
null,null,null,null,null,null,Patna Civil Court Reader Cum Deposition Writer128 Tests,null,null,null,null,null,null,null,null
null,null,null,null,null,null,UP NRHM,null,null,null,null,null,null,null,null
null,null,null,null,null,null,BPSC LDC71 Tests,null,null,null,null,null,null,null,null
null,null,null,null,null,null,UKSSSC Ganna Paryavekshak,null,null,null,null,null,null,null,null
null,null,null,null,null,null,Uttarakhand Police Head Constable,null,null,null,null,null,null,null,null
null,null,null,null,null,null,PTCUL AE,null,null,null,null,null,null,null,null
null,null,null,null,null,null,DSSSB Nursing Staff56 Tests,null,null,null,null,null,null,null,null
null,null,null,null,null,null,OSSC JE170 Tests,null,null,null,null,null,null,null,null
null,null,null,null,null,null,Rajasthan Fireman37 Tests,null,null,null,null,null,null,null,null
null,null,null,null,null,null,UKSSSC VDO93 Tests,null,null,null,null,null,null,null,null
null,null,null,null,null,null,UPSSSC Supply Inspector46 Tests,null,null,null,null,null,null,null,null
null,null,null,null,null,null,OSSC Accountant249 Tests,null,null,null,null,null,null,null,null
null,null,null,null,null,null,RSMSSB PTI6 Tests,null,null,null,null,null,null,null,null
null,null,null,null,null,null,UP NHM Staff Nurse41 Tests,null,null,null,null,null,null,null,null
null,null,null,null,null,null,OSSC Excise SI,null,null,null,null,null,null,null,null
null,null,null,null,null,null,RSMSSB Forest Guard72 Tests,null,null,null,null,null,null,null,null
null,null,null,null,null,null,OSSC Traffic SI,null,null,null,null,null,null,null,null
null,null,null,null,null,null,Allahabad High Court Group C115 Tests,null,null,null,null,null,null,null,null
null,null,null,null,null,null,OPTCL Junior Management Trainee,null,null,null,null,null,null,null,null
null,null,null,null,null,null,Allahabad High Court Group D67 Tests,null,null,null,null,null,null,null,null
null,null,null,null,null,null,OSSC Welfare Extension Officer305 Tests,null,null,null,null,null,null,null,null
null,null,null,null,null,null,TSPSC Staff Nurse198 Tests,null,null,null,null,null,null,null,null
null,null,null,null,null,null,NHM Rajasthan CHO362 Tests,null,null,null,null,null,null,null,null
null,null,null,null,null,null,Odisha Police ASI,null,null,null,null,null,null,null,null
null,null,null,null,null,null,Odisha Amin,null,null,null,null,null,null,null,null
null,null,null,null,null,null,UPSSSC Agriculture Technical Assistant,null,null,null,null,null,null,null,null
null,null,null,null,null,null,UPMRC JE512 Tests,null,null,null,null,null,null,null,null
null,null,null,null,null,null,RSMSSB Sanganak21 Tests,null,null,null,null,null,null,null,null
null,null,null,null,null,null,RPSC AEN47 Tests,null,null,null,null,null,null,null,null
null,null,null,null,null,null,RSMSSB TRA,null,null,null,null,null,null,null,null
null,null,null,null,null,null,Patna High Court Computer Operator,null,null,null,null,null,null,null,null
null,null,null,null,null,null,WBPSC JE98 Tests,null,null,null,null,null,null,null,null
null,null,null,null,null,null,NHM Kerala Staff Nurse,null,null,null,null,null,null,null,null
null,null,null,null,null,null,UPSSSC ITI Instructor,null,null,null,null,null,null,null,null
null,null,null,null,null,null,OSSC Combined Post Graduate Level,null,null,null,null,null,null,null,null
null,null,null,null,null,null,UPMRC Station Controller294 Tests,null,null,null,null,null,null,null,null
null,null,null,null,null,null,JVVNL Technical Helper31 Tests,null,null,null,null,null,null,null,null
null,null,null,null,null,null,NHM Rajasthan Nursing Officer,null,null,null,null,null,null,null,null
null,null,null,null,null,null,UPSSSC Assistant Boring Technician33 Tests,null,null,null,null,null,null,null,null
null,null,null,null,null,null,Bihar AMIN6 Tests,null,null,null,null,null,null,null,null
null,null,null,null,null,null,Patna High Court Stenographer,null,null,null,null,null,null,null,null
null,null,null,null,null,null,RVPN Junior Accountant,null,null,null,null,null,null,null,null
null,null,null,null,null,null,TNPSC Group 1479 Tests,null,null,null,null,null,null,null,null
null,null,null,null,null,null,Maharashtra NHM Staff Nurse,null,null,null,null,null,null,null,null
null,null,null,null,null,null,UPPCL Assistant Accountant98 Tests,null,null,null,null,null,null,null,null
null,null,null,null,null,null,RSMSSB Junior Accountant,null,null,null,null,null,null,null,null
null,null,null,null,null,null,Rajasthan Home Guard,null,null,null,null,null,null,null,null
null,null,null,null,null,null,UPPSC Staff Nurse295 Tests,null,null,null,null,null,null,null,null
null,null,null,null,null,null,UPSSSC Mandi Inspector2 Tests,null,null,null,null,null,null,null,null
null,null,null,null,null,null,UPSSSC Cane Supervisor,null,null,null,null,null,null,null,null
null,null,null,null,null,null,BPSC Asst. Sanitary and Waste Mgmt. Officer24 Tests,null,null,null,null,null,null,null,null
null,null,null,null,null,null,RPSC Junior Accountant,null,null,null,null,null,null,null,null
null,null,null,null,null,null,RSMSSB Livestock Assistant,null,null,null,null,null,null,null,null
null,null,null,null,null,null,NHM WB CHO164 Tests,null,null,null,null,null,null,null,null
null,null,null,null,null,null,Bihar Panchayati Raj Clerk,null,null,null,null,null,null,null,null
null,null,null,null,null,null,NHM Rajasthan Staff Nurse,null,null,null,null,null,null,null,null
null,null,null,null,null,null,GMCH Staff Nurse,null,null,null,null,null,null,null,null
null,null,null,null,null,null,Patna Civil Court Group C,null,null,null,null,null,null,null,null
null,null,null,null,null,null,RSMSSB Motor Vehicle SI,null,null,null,null,null,null,null,null
null,null,null,null,null,null,Allahabad High Court APS,null,null,null,null,null,null,null,null
null,null,null,null,null,null,RSMSSB Mahila Supervisor,null,null,null,null,null,null,null,null
null,null,null,null,null,null,HPSSSB Staff Nurse,null,null,null,null,null,null,null,null
null,null,null,null,null,null,RSMSSB Stenographer,null,null,null,null,null,null,null,null
null,null,null,null,null,null,Allahabad High Court Computer Assistant,null,null,null,null,null,null,null,null
null,null,null,null,null,null,Punjab Police SI156 Tests,null,null,null,null,null,null,null,null
null,null,null,null,null,null,RPSC 2nd Grade,null,null,null,null,null,null,null,null
null,null,null,null,null,null,BSSC,null,null,null,null,null,null,null,null
null,null,null,null,null,null,DSSSB ANM198 Tests,null,null,null,null,null,null,null,null
null,null,null,null,null,null,KPSC Staff Nurse,null,null,null,null,null,null,null,null
null,null,null,null,null,null,RPSC Revenue Officer50 Tests,null,null,null,null,null,null,null,null
null,null,null,null,null,null,NHM UP Lab Technician,null,null,null,null,null,null,null,null
null,null,null,null,null,null,NHM Tripura CHO164 Tests,null,null,null,null,null,null,null,null
null,null,null,null,null,null,Rajasthan CET603 Tests,null,null,null,null,null,null,null,null
null,null,null,null,null,null,RPSC Assistant Professor12 Tests,null,null,null,null,null,null,null,null
null,null,null,null,null,null,DSSSB Librarian54 Tests,null,null,null,null,null,null,null,null
null,null,null,null,null,null,Allahabad High Court ARO,null,null,null,null,null,null,null,null
null,null,null,null,null,null,RVUNL Stenographer57 Tests,null,null,null,null,null,null,null,null
null,null,null,null,null,null,RSMSSB APRO,null,null,null,null,null,null,null,null
null,null,null,null,null,null,Haryana CET391 Tests,null,null,null,null,null,null,null,null
null,null,null,null,null,null,TNPSC Group 4241 Tests,null,null,null,null,null,null,null,null
null,null,null,null,null,null,RSMSSB,null,null,null,null,null,null,null,null
null,null,null,null,null,null,RPSC Evaluation Officer,null,null,null,null,null,null,null,null
null,null,null,null,null,null,NHM Punjab CHO164 Tests,null,null,null,null,null,null,null,null
null,null,null,null,null,null,Bihar Police Fireman57 Tests,null,null,null,null,null,null,null,null
null,null,null,null,null,null,OSSC Staff Nurse262 Tests,null,null,null,null,null,null,null,null
null,null,null,null,null,null,UPPCL ARO53 Tests,null,null,null,null,null,null,null,null
null,null,null,null,null,null,RPSC Food Safety Officer,null,null,null,null,null,null,null,null
null,null,null,null,null,null,HSSC Staff Nurse,null,null,null,null,null,null,null,null
null,null,null,null,null,null,UPPCL Executive Assistant305 Tests,null,null,null,null,null,null,null,null
null,null,null,null,null,null,Bihar NHM CHO164 Tests,null,null,null,null,null,null,null,null
null,null,null,null,null,null,NHM Chhattisgarh CHO164 Tests,null,null,null,null,null,null,null,null
null,null,null,null,null,null,JPSC Civil Services169 Tests,null,null,null,null,null,null,null,null
null,null,null,null,null,null,TSPSC AEE221 Tests,null,null,null,null,null,null,null,null
null,null,null,null,null,null,UPPCL Assistant Engineer300 Tests,null,null,null,null,null,null,null,null
null,null,null,null,null,null,UPMRC Maintainer18 Tests,null,null,null,null,null,null,null,null
null,null,null,null,null,null,WBPSC Food SI,null,null,null,null,null,null,null,null
null,null,null,null,null,null,Rajasthan Police,null,null,null,null,null,null,null,null
null,null,null,null,null,null,Kolkata Police SI177 Tests,null,null,null,null,null,null,null,null
null,null,null,null,null,null,Haryana Police65 Tests,null,null,null,null,null,null,null,null
null,null,null,null,null,null,WB Municipal Service Commission,null,null,null,null,null,null,null,null
null,null,null,null,null,null,MPPSC ADPO,null,null,null,null,null,null,null,null
null,null,null,null,null,null,JKSSB JE436 Tests,null,null,null,null,null,null,null,null
null,null,null,null,null,null,UPPCL Accounts Clerk,null,null,null,null,null,null,null,null
null,null,null,null,null,null,JKSSB Accounts Assistant7 Tests,null,null,null,null,null,null,null,null
null,null,null,null,null,null,MSCWB Food Safety Officer,null,null,null,null,null,null,null,null
null,null,null,null,null,null,TNUSRB SI231 Tests,null,null,null,null,null,null,null,null
null,null,null,null,null,null,KPSC KAS74 Tests,null,null,null,null,null,null,null,null
null,null,null,null,null,null,KSP Constable112 Tests,null,null,null,null,null,null,null,null
null,null,null,null,null,null,KPSC Group C230 Tests,null,null,null,null,null,null,null,null
null,null,null,null,null,null,West Bengal Group D160 Tests,null,null,null,null,null,null,null,null
null,null,null,null,null,null,JSSC CGL68 Tests,null,null,null,null,null,null,null,null
null,null,null,null,null,null,DSSSB Physical Education Teacher38 Tests,null,null,null,null,null,null,null,null
null,null,null,null,null,null,HSSC Group D107 Tests,null,null,null,null,null,null,null,null
null,null,null,null,null,null,KSP SI254 Tests,null,null,null,null,null,null,null,null
null,null,null,null,null,null,UPRVUNL Computer Assistant23 Tests,null,null,null,null,null,null,null,null
null,null,null,null,null,null,HSSC SI48 Tests,null,null,null,null,null,null,null,null
null,null,null,null,null,null,MAHAGENCO Junior Engineer231 Tests,null,null,null,null,null,null,null,null
null,null,null,null,null,null,UPPCL Computer Assistant66 Tests,null,null,null,null,null,null,null,null
null,null,null,null,null,null,JSSC SI6 Tests,null,null,null,null,null,null,null,null
null,null,null,null,null,null,Haryana Patwari51 Tests,null,null,null,null,null,null,null,null
null,null,null,null,null,null,MPSC PSI235 Tests,null,null,null,null,null,null,null,null
null,null,null,null,null,null,Telangana High Court Junior Assistant55 Tests,null,null,null,null,null,null,null,null
null,null,null,null,null,null,DSSSB AE134 Tests,null,null,null,null,null,null,null,null
null,null,null,null,null,null,UPPCL AE EE53 Tests,null,null,null,null,null,null,null,null
null,null,null,null,null,null,Telangana Divisional Accounts Officer78 Tests,null,null,null,null,null,null,null,null
null,null,null,null,null,null,UPRVUNL Lab Assistant,null,null,null,null,null,null,null,null
null,null,null,null,null,null,UPPCL Camp Assistant Grade 3262 Tests,null,null,null,null,null,null,null,null
null,null,null,null,null,null,CGPSC70 Tests,null,null,null,null,null,null,null,null
null,null,null,null,null,null,HSSC Haryana Police Constable165 Tests,null,null,null,null,null,null,null,null
null,null,null,null,null,null,HSSC ALM3 Tests,null,null,null,null,null,null,null,null
null,null,null,null,null,null,Maharashtra Technical Services97 Tests,null,null,null,null,null,null,null,null
null,null,null,null,null,null,CG Patwari89 Tests,null,null,null,null,null,null,null,null
null,null,null,null,null,null,UPPCL Stenographer23 Tests,null,null,null,null,null,null,null,null
null,null,null,null,null,null,HSSC JE,null,null,null,null,null,null,null,null
null,null,null,null,null,null,Punjab Civil Service12 Tests,null,null,null,null,null,null,null,null
null,null,null,null,null,null,DSSSB Group 4162 Tests,null,null,null,null,null,null,null,null
null,null,null,null,null,null,TSSPDCL JLM30 Tests,null,null,null,null,null,null,null,null
null,null,null,null,null,null,Punjab Police Head Constable,null,null,null,null,null,null,null,null
null,null,null,null,null,null,WBPSC,null,null,null,null,null,null,null,null
null,null,null,null,null,null,Telangana High Court Record Assistant51 Tests,null,null,null,null,null,null,null,null
null,null,null,null,null,null,HPPSC HPAS133 Tests,null,null,null,null,null,null,null,null
null,null,null,null,null,null,KPSC Assistant Engineer351 Tests,null,null,null,null,null,null,null,null
null,null,null,null,null,null,Haryana Police Commando,null,null,null,null,null,null,null,null
null,null,null,null,null,null,WBPSC ICDS,null,null,null,null,null,null,null,null
null,null,null,null,null,null,JSSC JE48 Tests,null,null,null,null,null,null,null,null
null,null,null,null,null,null,TNPSC Group 2226 Tests,null,null,null,null,null,null,null,null
null,null,null,null,null,null,Telangana High Court Office Subordinate51 Tests,null,null,null,null,null,null,null,null
null,null,null,null,null,null,HSSC Gram Sachiv151 Tests,null,null,null,null,null,null,null,null
null,null,null,null,null,null,KPSC FDS SDA4 Tests,null,null,null,null,null,null,null,null
null,null,null,null,null,null,PSTCL JE372 Tests,null,null,null,null,null,null,null,null
null,null,null,null,null,null,PSPCL ALM43 Tests,null,null,null,null,null,null,null,null
null,null,null,null,null,null,JKSSB Panchayat Secretary23 Tests,null,null,null,null,null,null,null,null
null,null,null,null,null,null,CG Police SI30 Tests,null,null,null,null,null,null,null,null
null,null,null,null,null,null,TSPSC Junior Lecturer228 Tests,null,null,null,null,null,null,null,null
null,null,null,null,null,null,Kerala PSC Degree Level Exam46 Tests,null,null,null,null,null,null,null,null
null,null,null,null,null,null,PSSSB Clerk,null,null,null,null,null,null,null,null
null,null,null,null,null,null,TSPSC Polytechnic Lecturer228 Tests,null,null,null,null,null,null,null,null
null,null,null,null,null,null,TNPSC Combined Engineering Services,null,null,null,null,null,null,null,null
null,null,null,null,null,null,DSSSB Group 5169 Tests,null,null,null,null,null,null,null,null
null,null,null,null,null,null,DSSSB Junior Secretariat Assistant280 Tests,null,null,null,null,null,null,null,null
null,null,null,null,null,null,MHSRB Staff Nurse,null,null,null,null,null,null,null,null
null,null,null,null,null,null,JKPSC AE29 Tests,null,null,null,null,null,null,null,null
null,null,null,null,null,null,Gujarat Administrative Service,null,null,null,null,null,null,null,null
null,null,null,null,null,null,MSCWB Field Worker,null,null,null,null,null,null,null,null
null,null,null,null,null,null,JSSC Excise Constable45 Tests,null,null,null,null,null,null,null,null
null,null,null,null,null,null,KPSC JE363 Tests,null,null,null,null,null,null,null,null
null,null,null,null,null,null,TSPSC VRO26 Tests,null,null,null,null,null,null,null,null
null,null,null,null,null,null,JSSC PGT,null,null,null,null,null,null,null,null
null,null,null,null,null,null,TSPSC FBO71 Tests,null,null,null,null,null,null,null,null
null,null,null,null,null,null,HSSC Canal Patwari51 Tests,null,null,null,null,null,null,null,null
null,null,null,null,null,null,TSSPDCL AE,null,null,null,null,null,null,null,null
null,null,null,null,null,null,PSTCL AE54 Tests,null,null,null,null,null,null,null,null
null,null,null,null,null,null,JKSSB Class 414 Tests,null,null,null,null,null,null,null,null
null,null,null,null,null,null,JSSC Grade A Nurse,null,null,null,null,null,null,null,null
null,null,null,null,null,null,JKPSC KAS,null,null,null,null,null,null,null,null
null,null,null,null,null,null,TNPSC Road Inspector,null,null,null,null,null,null,null,null
null,null,null,null,null,null,GPSC Engineering Services8 Tests,null,null,null,null,null,null,null,null
null,null,null,null,null,null,Assam Police Constable,null,null,null,null,null,null,null,null
null,null,null,null,null,null,Maharashtra Forest Guard,null,null,null,null,null,null,null,null
null,null,null,null,null,null,KPSC FDA4 Tests,null,null,null,null,null,null,null,null
null,null,null,null,null,null,GPSC Assistant Engineer368 Tests,null,null,null,null,null,null,null,null
null,null,null,null,null,null,TNUSRB Police Constable315 Tests,null,null,null,null,null,null,null,null
null,null,null,null,null,null,Assam Police SI,null,null,null,null,null,null,null,null
null,null,null,null,null,null,DDA Patwari30 Tests,null,null,null,null,null,null,null,null
null,null,null,null,null,null,JKSSB Junior Assistant11 Tests,null,null,null,null,null,null,null,null
null,null,null,null,null,null,MAHATRANSCO AE209 Tests,null,null,null,null,null,null,null,null
null,null,null,null,null,null,KPSC SDA4 Tests,null,null,null,null,null,null,null,null
null,null,null,null,null,null,TSPSC Hostel Welfare47 Tests,null,null,null,null,null,null,null,null
null,null,null,null,null,null,TSPSC Panchayat Secretary1 Tests,null,null,null,null,null,null,null,null
null,null,null,null,null,null,Telangana High Court Typist5 Tests,null,null,null,null,null,null,null,null
null,null,null,null,null,null,MAHAGENCO AE209 Tests,null,null,null,null,null,null,null,null
null,null,null,null,null,null,PSTCL ALM28 Tests,null,null,null,null,null,null,null,null
null,null,null,null,null,null,JSSC Lab Assistant,null,null,null,null,null,null,null,null
null,null,null,null,null,null,JKSSB Sub Inspector,null,null,null,null,null,null,null,null
null,null,null,null,null,null,JKSSB Patwari19 Tests,null,null,null,null,null,null,null,null
null,null,null,null,null,null,CG Vyapam SI30 Tests,null,null,null,null,null,null,null,null
null,null,null,null,null,null,DSSSB Junior Clerk250 Tests,null,null,null,null,null,null,null,null
null,null,null,null,null,null,PSSSB Junior Draftsman39 Tests,null,null,null,null,null,null,null,null
null,null,null,null,null,null,APSC CCE,null,null,null,null,null,null,null,null
null,null,null,null,null,null,BSCB Assistant Multipurpose9 Tests,null,null,null,null,null,null,null,null
null,null,null,null,null,null,PPSC JE44 Tests,null,null,null,null,null,null,null,null
null,null,null,null,null,null,TSPSC FSO,null,null,null,null,null,null,null,null
null,null,null,null,null,null,Punjab Police Jail Warder,null,null,null,null,null,null,null,null
null,null,null,null,null,null,MPSC RTO,null,null,null,null,null,null,null,null
null,null,null,null,null,null,TN MRB Food Safety Officer17 Tests,null,null,null,null,null,null,null,null
null,null,null,null,null,null,DSSSB Patwari241 Tests,null,null,null,null,null,null,null,null
null,null,null,null,null,null,PSSSB Excise Inspector,null,null,null,null,null,null,null,null
null,null,null,null,null,null,JK Police Constable,null,null,null,null,null,null,null,null
null,null,null,null,null,null,DDA Junior Secretariat Assistant,null,null,null,null,null,null,null,null
null,null,null,null,null,null,JKSSB SI Commercial Taxes13 Tests,null,null,null,null,null,null,null,null
null,null,null,null,null,null,Telangana High Court Process Server51 Tests,null,null,null,null,null,null,null,null
null,null,null,null,null,null,DSSSB Head Clerk25 Tests,null,null,null,null,null,null,null,null
null,null,null,null,null,null,DDA Stenographer,null,null,null,null,null,null,null,null
null,null,null,null,null,null,DSSSB Dass Grade 418 Tests,null,null,null,null,null,null,null,null
null,null,null,null,null,null,GPSSB Talati cum Mantri,null,null,null,null,null,null,null,null
null,null,null,null,null,null,PGVCL Vidyut Sahayak JE56 Tests,null,null,null,null,null,null,null,null
null,null,null,null,null,null,JRHMS CHO164 Tests,null,null,null,null,null,null,null,null
null,null,null,null,null,null,Telangana AMVI,null,null,null,null,null,null,null,null
null,null,null,null,null,null,PSSSB VDO,null,null,null,null,null,null,null,null
null,null,null,null,null,null,DSSSB Manager,null,null,null,null,null,null,null,null
null,null,null,null,null,null,Telangana High Court Examiner51 Tests,null,null,null,null,null,null,null,null
null,null,null,null,null,null,CSPHCL JE,null,null,null,null,null,null,null,null
null,null,null,null,null,null,TSPSC Extension Officer,null,null,null,null,null,null,null,null
null,null,null,null,null,null,TNPSC Junior Drafting Officer,null,null,null,null,null,null,null,null
null,null,null,null,null,null,CG Vyapam Sub Engineer,null,null,null,null,null,null,null,null
null,null,null,null,null,null,Telangana High Court Field Assistant55 Tests,null,null,null,null,null,null,null,null
null,null,null,null,null,null,DSSSB Assistant Teacher,null,null,null,null,null,null,null,null
null,null,null,null,null,null,DSSSB Assistant Foreman,null,null,null,null,null,null,null,null
null,null,null,null,null,null,Punjab Police,null,null,null,null,null,null,null,null
null,null,null,null,null,null,CGPSC Peon,null,null,null,null,null,null,null,null
null,null,null,null,null,null,PSTCL LDC19 Tests,null,null,null,null,null,null,null,null
null,null,null,null,null,null,DSSSB Fire Operator,null,null,null,null,null,null,null,null
null,null,null,null,null,null,Delhi District Court Group C6 Tests,null,null,null,null,null,null,null,null
null,null,null,null,null,null,Gujarat Forest Guard,null,null,null,null,null,null,null,null
null,null,null,null,null,null,JKSSB Inspector,null,null,null,null,null,null,null,null
null,null,null,null,null,null,DSSSB Stenographer144 Tests,null,null,null,null,null,null,null,null
null,null,null,null,null,null,CG Vyapam Stenographer,null,null,null,null,null,null,null,null
null,null,null,null,null,null,DSSSB347 Tests,null,null,null,null,null,null,null,null
null,null,null,null,null,null,GPSC DYSO,null,null,null,null,null,null,null,null
null,null,null,null,null,null,JKSSB Depot Assistant14 Tests,null,null,null,null,null,null,null,null
null,null,null,null,null,null,Assam Police Jail Warder,null,null,null,null,null,null,null,null
null,null,null,null,null,null,DHS Assam Grade 3,null,null,null,null,null,null,null,null
null,null,null,null,null,null,PSTCL,null,null,null,null,null,null,null,null
null,null,null,null,null,null,PPSC,null,null,null,null,null,null,null,null
null,null,null,null,null,null,DSSSB Personal Assistant,null,null,null,null,null,null,null,null
null,null,null,null,null,null,HPPSC Assistant Engineer491 Tests,null,null,null,null,null,null,null,null
null,null,null,null,null,null,GETCO Junior Engineer56 Tests,null,null,null,null,null,null,null,null
null,null,null,null,null,null,GPSSB Additional Assistant Engineer,null,null,null,null,null,null,null,null
null,null,null,null,null,null,Karnataka SDA,null,null,null,null,null,null,null,null
null,null,null,null,null,null,HP Police Constable,null,null,null,null,null,null,null,null
null,null,null,null,null,null,Bhulekh Maharashtra,null,null,null,null,null,null,null,null
null,null,null,null,null,null,PSPCL LDC19 Tests,null,null,null,null,null,null,null,null
null,null,null,null,null,null,DHS Assam Grade 4,null,null,null,null,null,null,null,null
null,null,null,null,null,null,TSPSC Constable,null,null,null,null,null,null,null,null
null,null,null,null,null,null,CGPSC Forest Ranger,null,null,null,null,null,null,null,null
null,null,null,null,null,null,Assam Police Forester Grade I,null,null,null,null,null,null,null,null
null,null,null,null,null,null,GSECL Vidyut Sahayak JE56 Tests,null,null,null,null,null,null,null,null
null,null,null,null,null,null,Assam Animal Husbandry Veterinary,null,null,null,null,null,null,null,null
null,null,null,null,null,null,WB Police Sergeant,null,null,null,null,null,null,null,null
null,null,null,null,null,null,Kerala PSC 10th Level Exam1 Tests,null,null,null,null,null,null,null,null
null,null,null,null,null,null,KSRP,null,null,null,null,null,null,null,null
null,null,null,null,null,null,Assam Forest Protection Constable,null,null,null,null,null,null,null,null
null,null,null,null,null,null,MHADA Junior Clerk Stenographer,null,null,null,null,null,null,null,null
null,null,null,null,null,null,TNFUSRC Forester,null,null,null,null,null,null,null,null
null,null,null,null,null,null,Telangana Librarian,null,null,null,null,null,null,null,null
null,null,null,null,null,null,GPSSB Mukhya Sevika,null,null,null,null,null,null,null,null
null,null,null,null,null,null,TSPSC Agriculture Officer,null,null,null,null,null,null,null,null
null,null,null,null,null,null,Telangana High Court Copyist5 Tests,null,null,null,null,null,null,null,null
null,null,null,null,null,null,TSPSC Physical Director,null,null,null,null,null,null,null,null
null,null,null,null,null,null,TSPSC Senior Accountant,null,null,null,null,null,null,null,null
null,null,null,null,null,null,Kerala PSC Plus Two Level Exam,null,null,null,null,null,null,null,null
null,null,null,null,null,null,TSPSC Horticulture officer,null,null,null,null,null,null,null,null
null,null,null,null,null,null,Manipur PSC,null,null,null,null,null,null,null,null
null,null,null,null,null,null,GSECL Junior Programmer,null,null,null,null,null,null,null,null
null,null,null,null,null,null,Kerala PSC KAS,null,null,null,null,null,null,null,null
null,null,null,null,null,null,GSECL Vidyut Sahayak Plant Attendant,null,null,null,null,null,null,null,null
null,null,null,null,null,null,NHM Assam CHO164 Tests,null,null,null,null,null,null,null,null
null,null,null,null,null,null,Kerala PSC LGS,null,null,null,null,null,null,null,null
null,null,null,null,null,null,Assam Police Forest Guard,null,null,null,null,null,null,null,null
null,null,null,null,null,null,TNPSC CDPO,null,null,null,null,null,null,null,null
null,null,null,null,null,null,Kerala PSC Sub Inspector,null,null,null,null,null,null,null,null
null,null,null,null,null,null,HP Forest Guard,null,null,null,null,null,null,null,null
null,null,null,null,null,null,Madras High Court Office Assistant,null,null,null,null,null,null,null,null
null,null,null,null,null,null,Kerala PSC LDC,null,null,null,null,null,null,null,null
null,null,null,null,null,null,Goa PWD JE,null,null,null,null,null,null,null,null
null,null,null,null,null,null,TNPSC Agricultural Officer,null,null,null,null,null,null,null,null
null,null,null,null,null,null,Kerala Beat Forest Officer,null,null,null,null,null,null,null,null
null,null,null,null,null,null,Goa PWD Technical Assistant,null,null,null,null,null,null,null,null
null,null,null,null,null,null,Kerala PSC Secretariat Assistant,null,null,null,null,null,null,null,null
null,null,null,null,null,null,Kerala High Court Assistant,null,null,null,null,null,null,null,null
null,null,null,null,null,null,Goa Police Constable,null,null,null,null,null,null,null,null
null,null,null,null,null,null,SCCL Clerk5 Tests,null,null,null,null,null,null,null,null
null,null,null,null,null,null,TNPSC Group 3,null,null,null,null,null,null,null,null
null,null,null,null,null,null,TNPSC,null,null,null,null,null,null,null,null
null,null,null,null,null,null,Goa Police Sub Inspector,null,null,null,null,null,null,null,null
null,null,null,null,null,null,APSSB CGL,null,null,null,null,null,null,null,null
null,null,null,null,null,null,APSSB CHSL,null,null,null,null,null,null,null,null
null,null,null,null,null,null,SPSC LDC,null,null,null,null,null,null,null,null
null,null,null,null,null,null,NHM HP CHO164 Tests,null,null,null,null,null,null,null,null
null,null,null,null,null,null,TPSC AO,null,null,null,null,null,null,null,null
null,null,null,null,null,null,Kerala Police Constable,null,null,null,null,null,null,null,null
null,null,null,null,null,null,Puducherry Field Assistant,null,null,null,null,null,null,null,null
null,null,null,null,null,null,PMC Clerk,null,null,null,null,null,null,null,null
null,null,null,null,null,null,Maharashtra Agricultural Officer,null,null,null,null,null,null,null,null
null,null,null,null,null,null,JKPSC PTI,null,null,null,null,null,null,null,null
